{
  "export_date": "2026-02-01T17:57:54.331959",
  "app_version": "MetalWall v0.3",
  "albums_count": 7,
  "concerts_count": 3,
  "albums": [
    {
      "id": 14,
      "username": "pephorror",
      "url": "https://open.spotify.com/album/2KdSdAmCrO5UQXW50y0Q32",
      "artist": "Album by Exx\u00fbl | Spotify",
      "album_name": "Sealed Into None",
      "cover_url": "https://i.scdn.co/image/ab67616d0000b273e9085de2849878bfe9a03a18",
      "platform": "Spotify",
      "tags": [
        "epicdoommetal",
        "doommetal",
        "heavymetal"
      ],
      "likes": [],
      "timestamp": "2026-02-01 17:45:27"
    },
    {
      "id": 13,
      "username": "pephorror",
      "url": "https://open.spotify.com/album/0Ao88LoVndgw2snU2X2Mi7",
      "artist": "Album by Casket | Spotify",
      "album_name": "In the Long Run We Are All Dead",
      "cover_url": "https://i.scdn.co/image/ab67616d0000b27343c4c67137083cd79e75d2bc",
      "platform": "Spotify",
      "tags": [
        "deathmetal",
        "grindcore",
        "thrashmetal"
      ],
      "likes": [],
      "timestamp": "2026-02-01 17:44:20"
    },
    {
      "id": 12,
      "username": "pephorror",
      "url": "https://open.spotify.com/album/0HeuVBxe32rJAdCocmshLt?si=FIXsyX1JQxeUrFrFv0swRw",
      "artist": "Album by Ectovoid | Spotify",
      "album_name": "In Unreality's Coffin",
      "cover_url": "https://i.scdn.co/image/ab67616d0000b2731afd73a46a8a38b24e69dc02",
      "platform": "Spotify",
      "tags": [
        "blackmetal",
        "deathmetal",
        "blackdeath"
      ],
      "likes": [],
      "timestamp": "2026-02-01 17:41:06"
    },
    {
      "id": 11,
      "username": "pephorror",
      "url": "https://newmexicandoomcult.bandcamp.com/album/ziggurat",
      "artist": "New Mexican Doom Cult",
      "album_name": "Ziggurat",
      "cover_url": "https://f4.bcbits.com/img/a2750491469_16.jpg",
      "platform": "Other",
      "tags": [
        "doommetal",
        "stoner",
        "sludge"
      ],
      "likes": [],
      "timestamp": "2026-02-01 17:39:51"
    },
    {
      "id": 10,
      "username": "pephorror",
      "url": "https://furihelium.bandcamp.com/album/no-altar-stands-eternal",
      "artist": "Furi Helium",
      "album_name": "No Altar Stands Eternal",
      "cover_url": "https://f4.bcbits.com/img/a1646300641_16.jpg",
      "platform": "Other",
      "tags": [
        "thrashmetal"
      ],
      "likes": [],
      "timestamp": "2026-02-01 17:37:03"
    },
    {
      "id": 8,
      "username": "lorna",
      "url": "https://open.spotify.com/intl-es/album/4ZJDnfve8rHn1kH8J2jNpS",
      "artist": "Album by Coroner | Spotify",
      "album_name": "Dissonance Theory",
      "cover_url": "https://i.scdn.co/image/ab67616d0000b273db90869d5797b6e55cc9ea2e",
      "platform": "Spotify",
      "tags": [
        "thrashmetal",
        "technicalmetal"
      ],
      "likes": [
        "pephorror",
        "lorna"
      ],
      "timestamp": "2025-12-02 18:54:27"
    },
    {
      "id": 6,
      "username": "pephorror",
      "url": "https://kevlarskin.bandcamp.com/album/necroroid",
      "artist": "Kevlar Skin",
      "album_name": "Necroroid,",
      "cover_url": "https://f4.bcbits.com/img/a2013998171_5.jpg",
      "platform": "Bandcamp",
      "tags": [
        "deathmetal",
        "brutaldeath"
      ],
      "likes": [
        "lorna"
      ],
      "timestamp": "2025-12-02 18:34:36"
    }
  ],
  "concerts": [
    {
      "id": 3,
      "username": "pephorror",
      "bands": "Obediencia Cero, Killdozer",
      "date": "2026-02-14",
      "venue": "Sala Hollander",
      "city": "Sevilla",
      "tags": [
        "thrashmetal"
      ],
      "info": "10,20 \u20ac anticipada / 12 \u20ac taquilla\nhttps://salahollander.es/event/obediencia-cero-killdozer/",
      "likes": [],
      "timestamp": "2026-02-01 17:51:22"
    },
    {
      "id": 4,
      "username": "pephorror",
      "bands": "H.E.A.T, Hitten",
      "date": "2026-03-11",
      "venue": "Sala Custom",
      "city": "Sevilla",
      "tags": [
        "hardrock"
      ],
      "info": "38,50 \u20ac \nhttps://www.madnesslive.es/es/conciertos-en-andalucia/1888-comprar-entrada-heat-hitten-sevilla.html",
      "likes": [],
      "timestamp": "2026-02-01 17:55:02"
    },
    {
      "id": 5,
      "username": "pephorror",
      "bands": "Zeke",
      "date": "2026-03-30",
      "venue": "La Guarida del \u00c1ngel",
      "city": "Jerez de la Frontera",
      "tags": [
        "punkrock",
        "speedrock",
        "hardrock"
      ],
      "info": "25 \u20ac https://tickets.hfmncrew.com/web/?menu=1162&pagina=entradas&item=58228&siteID=hfmncrew",
      "likes": [],
      "timestamp": "2026-02-01 17:57:21"
    }
  ]
}